location,date,sentiment_category,cnt,sentiment_rating
United States,1/28/2020,negative,2255,2
United States,1/28/2020,neutral,485,3
United States,1/28/2020,positive,487,4
United States,1/28/2020,very negative,150,1
United States,1/28/2020,very positive,11,5
United States,1/29/2020,negative,9237,2
United States,1/29/2020,neutral,2199,3
United States,1/29/2020,positive,2244,4
United States,1/29/2020,very negative,751,1
United States,1/29/2020,very positive,39,5
United States,1/30/2020,negative,8762,2
United States,1/30/2020,neutral,2173,3
United States,1/30/2020,positive,2263,4
United States,1/30/2020,very negative,692,1
United States,1/30/2020,very positive,41,5
United States,1/31/2020,negative,9770,2
United States,1/31/2020,neutral,2076,3
United States,1/31/2020,positive,2434,4
United States,1/31/2020,very negative,718,1
United States,1/31/2020,very positive,51,5
United States,2/1/2020,negative,7903,2
United States,2/1/2020,neutral,1870,3
United States,2/1/2020,positive,2072,4
United States,2/1/2020,very negative,508,1
United States,2/1/2020,very positive,37,5
United States,2/2/2020,negative,6670,2
United States,2/2/2020,neutral,1478,3
United States,2/2/2020,positive,1821,4
United States,2/2/2020,very negative,480,1
United States,2/2/2020,very positive,36,5
United States,2/3/2020,negative,5744,2
United States,2/3/2020,neutral,1450,3
United States,2/3/2020,positive,1618,4
United States,2/3/2020,very negative,422,1
United States,2/3/2020,very positive,39,5
United States,2/4/2020,negative,5097,2
United States,2/4/2020,neutral,1329,3
United States,2/4/2020,positive,1554,4
United States,2/4/2020,very negative,413,1
United States,2/4/2020,very positive,44,5
United States,2/5/2020,negative,3617,2
United States,2/5/2020,neutral,927,3
United States,2/5/2020,positive,1016,4
United States,2/5/2020,very negative,203,1
United States,2/5/2020,very positive,24,5
United States,2/6/2020,negative,3000,2
United States,2/6/2020,neutral,806,3
United States,2/6/2020,positive,956,4
United States,2/6/2020,very negative,160,1
United States,2/6/2020,very positive,23,5
United States,2/7/2020,negative,6176,2
United States,2/7/2020,neutral,1300,3
United States,2/7/2020,positive,1420,4
United States,2/7/2020,very negative,451,1
United States,2/7/2020,very positive,35,5
United States,2/8/2020,negative,5581,2
United States,2/8/2020,neutral,1113,3
United States,2/8/2020,positive,1404,4
United States,2/8/2020,very negative,354,1
United States,2/8/2020,very positive,41,5
United States,2/9/2020,negative,4522,2
United States,2/9/2020,neutral,947,3
United States,2/9/2020,positive,1076,4
United States,2/9/2020,very negative,284,1
United States,2/9/2020,very positive,33,5
United States,2/10/2020,negative,4261,2
United States,2/10/2020,neutral,873,3
United States,2/10/2020,positive,952,4
United States,2/10/2020,very negative,259,1
United States,2/10/2020,very positive,21,5
United States,2/11/2020,negative,4654,2
United States,2/11/2020,neutral,1196,3
United States,2/11/2020,positive,1294,4
United States,2/11/2020,very negative,315,1
United States,2/11/2020,very positive,31,5
United States,2/12/2020,negative,5172,2
United States,2/12/2020,neutral,1664,3
United States,2/12/2020,positive,1690,4
United States,2/12/2020,very negative,284,1
United States,2/12/2020,very positive,27,5
United States,2/13/2020,negative,4821,2
United States,2/13/2020,neutral,1384,3
United States,2/13/2020,positive,1610,4
United States,2/13/2020,very negative,244,1
United States,2/13/2020,very positive,38,5
United States,2/14/2020,negative,4604,2
United States,2/14/2020,neutral,1184,3
United States,2/14/2020,positive,1472,4
United States,2/14/2020,very negative,230,1
United States,2/14/2020,very positive,45,5
United States,2/15/2020,negative,3632,2
United States,2/15/2020,neutral,1017,3
United States,2/15/2020,positive,1240,4
United States,2/15/2020,very negative,182,1
United States,2/15/2020,very positive,37,5
United States,2/16/2020,negative,3030,2
United States,2/16/2020,neutral,826,3
United States,2/16/2020,positive,1073,4
United States,2/16/2020,very negative,149,1
United States,2/16/2020,very positive,17,5
United States,2/17/2020,negative,3713,2
United States,2/17/2020,neutral,1185,3
United States,2/17/2020,positive,1303,4
United States,2/17/2020,very negative,155,1
United States,2/17/2020,very positive,21,5
United States,2/18/2020,negative,4613,2
United States,2/18/2020,neutral,1121,3
United States,2/18/2020,positive,1424,4
United States,2/18/2020,very negative,240,1
United States,2/18/2020,very positive,26,5
United States,2/19/2020,negative,4113,2
United States,2/19/2020,neutral,1171,3
United States,2/19/2020,positive,1364,4
United States,2/19/2020,very negative,185,1
United States,2/19/2020,very positive,23,5
United States,2/20/2020,negative,3687,2
United States,2/20/2020,neutral,1031,3
United States,2/20/2020,positive,1263,4
United States,2/20/2020,very negative,178,1
United States,2/20/2020,very positive,31,5
United States,2/21/2020,negative,3710,2
United States,2/21/2020,neutral,1004,3
United States,2/21/2020,positive,1239,4
United States,2/21/2020,very negative,224,1
United States,2/21/2020,very positive,32,5
United States,2/22/2020,negative,4130,2
United States,2/22/2020,neutral,1074,3
United States,2/22/2020,positive,1230,4
United States,2/22/2020,very negative,230,1
United States,2/22/2020,very positive,28,5
United States,2/23/2020,negative,4149,2
United States,2/23/2020,neutral,999,3
United States,2/23/2020,positive,1110,4
United States,2/23/2020,very negative,232,1
United States,2/23/2020,very positive,19,5
United States,2/24/2020,negative,5985,2
United States,2/24/2020,neutral,1497,3
United States,2/24/2020,positive,1736,4
United States,2/24/2020,very negative,406,1
United States,2/24/2020,very positive,28,5
United States,2/25/2020,negative,8860,2
United States,2/25/2020,neutral,2043,3
United States,2/25/2020,positive,2239,4
United States,2/25/2020,very negative,551,1
United States,2/25/2020,very positive,32,5
United States,2/26/2020,negative,15540,2
United States,2/26/2020,neutral,3160,3
United States,2/26/2020,positive,3625,4
United States,2/26/2020,very negative,1088,1
United States,2/26/2020,very positive,53,5
United States,2/27/2020,negative,21116,2
United States,2/27/2020,neutral,4454,3
United States,2/27/2020,positive,4790,4
United States,2/27/2020,very negative,1585,1
United States,2/27/2020,very positive,84,5
United States,2/28/2020,negative,26304,2
United States,2/28/2020,neutral,5281,3
United States,2/28/2020,positive,6089,4
United States,2/28/2020,very negative,1909,1
United States,2/28/2020,very positive,99,5
United States,2/29/2020,negative,28110,2
United States,2/29/2020,neutral,6126,3
United States,2/29/2020,positive,7314,4
United States,2/29/2020,very negative,2074,1
United States,2/29/2020,very positive,155,5
United States,3/1/2020,negative,21207,2
United States,3/1/2020,neutral,4433,3
United States,3/1/2020,positive,4925,4
United States,3/1/2020,very negative,1488,1
United States,3/1/2020,very positive,86,5
United States,3/2/2020,negative,19849,2
United States,3/2/2020,neutral,4572,3
United States,3/2/2020,positive,5639,4
United States,3/2/2020,very negative,1484,1
United States,3/2/2020,very positive,97,5
United States,3/3/2020,negative,26343,2
United States,3/3/2020,neutral,5878,3
United States,3/3/2020,positive,7002,4
United States,3/3/2020,very negative,2044,1
United States,3/3/2020,very positive,133,5
United States,3/4/2020,negative,28401,2
United States,3/4/2020,neutral,6830,3
United States,3/4/2020,positive,8095,4
United States,3/4/2020,very negative,2379,1
United States,3/4/2020,very positive,144,5
United States,3/5/2020,negative,29558,2
United States,3/5/2020,neutral,6879,3
United States,3/5/2020,positive,8633,4
United States,3/5/2020,very negative,2574,1
United States,3/5/2020,very positive,146,5
United States,3/6/2020,negative,31425,2
United States,3/6/2020,neutral,7726,3
United States,3/6/2020,positive,10007,4
United States,3/6/2020,very negative,2713,1
United States,3/6/2020,very positive,221,5
United States,3/7/2020,negative,34512,2
United States,3/7/2020,neutral,8617,3
United States,3/7/2020,positive,10895,4
United States,3/7/2020,very negative,3132,1
United States,3/7/2020,very positive,185,5
United States,3/8/2020,negative,28446,2
United States,3/8/2020,neutral,6512,3
United States,3/8/2020,positive,8427,4
United States,3/8/2020,very negative,2559,1
United States,3/8/2020,very positive,145,5
United States,3/9/2020,negative,39766,2
United States,3/9/2020,neutral,8263,3
United States,3/9/2020,positive,10053,4
United States,3/9/2020,very negative,3582,1
United States,3/9/2020,very positive,185,5
United States,3/10/2020,negative,64533,2
United States,3/10/2020,neutral,13797,3
United States,3/10/2020,positive,16747,4
United States,3/10/2020,very negative,5826,1
United States,3/10/2020,very positive,275,5
United States,3/11/2020,negative,69020,2
United States,3/11/2020,neutral,16813,3
United States,3/11/2020,positive,21309,4
United States,3/11/2020,very negative,6394,1
United States,3/11/2020,very positive,344,5
United States,3/12/2020,negative,130887,2
United States,3/12/2020,neutral,33214,3
United States,3/12/2020,positive,40791,4
United States,3/12/2020,very negative,13747,1
United States,3/12/2020,very positive,640,5
United States,3/13/2020,negative,175956,2
United States,3/13/2020,neutral,46683,3
United States,3/13/2020,positive,62294,4
United States,3/13/2020,very negative,17169,1
United States,3/13/2020,very positive,1201,5
United States,3/14/2020,negative,132307,2
United States,3/14/2020,neutral,37976,3
United States,3/14/2020,positive,54252,4
United States,3/14/2020,very negative,11734,1
United States,3/14/2020,very positive,1172,5
United States,3/15/2020,negative,90739,2
United States,3/15/2020,neutral,26383,3
United States,3/15/2020,positive,38934,4
United States,3/15/2020,very negative,7363,1
United States,3/15/2020,very positive,934,5
United States,3/16/2020,negative,104147,2
United States,3/16/2020,neutral,31491,3
United States,3/16/2020,positive,45602,4
United States,3/16/2020,very negative,8652,1
United States,3/16/2020,very positive,1026,5
United States,3/17/2020,negative,111263,2
United States,3/17/2020,neutral,33153,3
United States,3/17/2020,positive,48507,4
United States,3/17/2020,very negative,10717,1
United States,3/17/2020,very positive,916,5
United States,3/18/2020,negative,111741,2
United States,3/18/2020,neutral,36275,3
United States,3/18/2020,positive,55098,4
United States,3/18/2020,very negative,8461,1
United States,3/18/2020,very positive,1089,5
United States,3/19/2020,negative,112982,2
United States,3/19/2020,neutral,34269,3
United States,3/19/2020,positive,50641,4
United States,3/19/2020,very negative,9889,1
United States,3/19/2020,very positive,1111,5
United States,3/20/2020,negative,115498,2
United States,3/20/2020,neutral,38714,3
United States,3/20/2020,positive,58019,4
United States,3/20/2020,very negative,9169,1
United States,3/20/2020,very positive,1285,5
United States,3/21/2020,negative,82703,2
United States,3/21/2020,neutral,25518,3
United States,3/21/2020,positive,39670,4
United States,3/21/2020,very negative,7237,1
United States,3/21/2020,very positive,1208,5
United States,3/22/2020,negative,89030,2
United States,3/22/2020,neutral,28308,3
United States,3/22/2020,positive,43573,4
United States,3/22/2020,very negative,6796,1
United States,3/22/2020,very positive,1311,5
United States,3/23/2020,negative,99176,2
United States,3/23/2020,neutral,30628,3
United States,3/23/2020,positive,47428,4
United States,3/23/2020,very negative,7974,1
United States,3/23/2020,very positive,1254,5
United States,3/24/2020,negative,99547,2
United States,3/24/2020,neutral,33868,3
United States,3/24/2020,positive,53025,4
United States,3/24/2020,very negative,6838,1
United States,3/24/2020,very positive,1204,5
United States,3/25/2020,negative,108455,2
United States,3/25/2020,neutral,37465,3
United States,3/25/2020,positive,61024,4
United States,3/25/2020,very negative,7506,1
United States,3/25/2020,very positive,1353,5
United States,3/26/2020,negative,107786,2
United States,3/26/2020,neutral,36918,3
United States,3/26/2020,positive,61096,4
United States,3/26/2020,very negative,7298,1
United States,3/26/2020,very positive,1442,5
United States,3/27/2020,negative,109291,2
United States,3/27/2020,neutral,36613,3
United States,3/27/2020,positive,62180,4
United States,3/27/2020,very negative,7882,1
United States,3/27/2020,very positive,2016,5
United States,3/28/2020,negative,94137,2
United States,3/28/2020,neutral,32520,3
United States,3/28/2020,positive,53973,4
United States,3/28/2020,very negative,6693,1
United States,3/28/2020,very positive,1442,5
United States,3/29/2020,negative,88189,2
United States,3/29/2020,neutral,26139,3
United States,3/29/2020,positive,42256,4
United States,3/29/2020,very negative,6959,1
United States,3/29/2020,very positive,1341,5
United States,3/30/2020,negative,98572,2
United States,3/30/2020,neutral,29333,3
United States,3/30/2020,positive,48615,4
United States,3/30/2020,very negative,8188,1
United States,3/30/2020,very positive,1527,5
United States,3/31/2020,negative,104512,2
United States,3/31/2020,neutral,35392,3
United States,3/31/2020,positive,60930,4
United States,3/31/2020,very negative,7714,1
United States,3/31/2020,very positive,1770,5
United States,4/1/2020,negative,106330,2
United States,4/1/2020,neutral,35308,3
United States,4/1/2020,positive,59890,4
United States,4/1/2020,very negative,7478,1
United States,4/1/2020,very positive,1451,5
United States,4/2/2020,negative,107894,2
United States,4/2/2020,neutral,34898,3
United States,4/2/2020,positive,57786,4
United States,4/2/2020,very negative,8080,1
United States,4/2/2020,very positive,1500,5
United States,4/3/2020,negative,102007,2
United States,4/3/2020,neutral,34625,3
United States,4/3/2020,positive,56904,4
United States,4/3/2020,very negative,7653,1
United States,4/3/2020,very positive,1646,5
United States,4/4/2020,negative,94335,2
United States,4/4/2020,neutral,30460,3
United States,4/4/2020,positive,50158,4
United States,4/4/2020,very negative,7348,1
United States,4/4/2020,very positive,1355,5
United States,4/5/2020,negative,76357,2
United States,4/5/2020,neutral,22159,3
United States,4/5/2020,positive,34244,4
United States,4/5/2020,very negative,5931,1
United States,4/5/2020,very positive,1014,5
United States,4/6/2020,negative,93106,2
United States,4/6/2020,neutral,29007,3
United States,4/6/2020,positive,46188,4
United States,4/6/2020,very negative,6955,1
United States,4/6/2020,very positive,1260,5
United States,4/7/2020,negative,101093,2
United States,4/7/2020,neutral,34887,3
United States,4/7/2020,positive,60203,4
United States,4/7/2020,very negative,6923,1
United States,4/7/2020,very positive,1539,5
United States,4/8/2020,negative,103135,2
United States,4/8/2020,neutral,33022,3
United States,4/8/2020,positive,56941,4
United States,4/8/2020,very negative,7563,1
United States,4/8/2020,very positive,1707,5
United States,4/9/2020,negative,95267,2
United States,4/9/2020,neutral,32184,3
United States,4/9/2020,positive,54568,4
United States,4/9/2020,very negative,6886,1
United States,4/9/2020,very positive,1498,5
United States,4/10/2020,negative,90204,2
United States,4/10/2020,neutral,30378,3
United States,4/10/2020,positive,52738,4
United States,4/10/2020,very negative,6083,1
United States,4/10/2020,very positive,1701,5
United States,4/11/2020,negative,78373,2
United States,4/11/2020,neutral,25425,3
United States,4/11/2020,positive,42929,4
United States,4/11/2020,very negative,5898,1
United States,4/11/2020,very positive,1478,5
United States,4/12/2020,negative,65094,2
United States,4/12/2020,neutral,18555,3
United States,4/12/2020,positive,30495,4
United States,4/12/2020,very negative,4864,1
United States,4/12/2020,very positive,1151,5
United States,4/13/2020,negative,66573,2
United States,4/13/2020,neutral,20859,3
United States,4/13/2020,positive,33340,4
United States,4/13/2020,very negative,4621,1
United States,4/13/2020,very positive,1274,5
United States,4/14/2020,negative,85040,2
United States,4/14/2020,neutral,29380,3
United States,4/14/2020,positive,49320,4
United States,4/14/2020,very negative,5811,1
United States,4/14/2020,very positive,1345,5
United States,4/15/2020,negative,86902,2
United States,4/15/2020,neutral,28835,3
United States,4/15/2020,positive,49078,4
United States,4/15/2020,very negative,5643,1
United States,4/15/2020,very positive,1432,5
United States,4/16/2020,negative,92742,2
United States,4/16/2020,neutral,31504,3
United States,4/16/2020,positive,51859,4
United States,4/16/2020,very negative,6280,1
United States,4/16/2020,very positive,1518,5
United States,4/17/2020,negative,91529,2
United States,4/17/2020,neutral,30538,3
United States,4/17/2020,positive,52326,4
United States,4/17/2020,very negative,6073,1
United States,4/17/2020,very positive,1589,5
United States,4/18/2020,negative,87567,2
United States,4/18/2020,neutral,27983,3
United States,4/18/2020,positive,46915,4
United States,4/18/2020,very negative,6291,1
United States,4/18/2020,very positive,1586,5
United States,4/19/2020,negative,67039,2
United States,4/19/2020,neutral,20411,3
United States,4/19/2020,positive,32451,4
United States,4/19/2020,very negative,4850,1
United States,4/19/2020,very positive,1166,5
United States,4/20/2020,negative,66185,2
United States,4/20/2020,neutral,20129,3
United States,4/20/2020,positive,32888,4
United States,4/20/2020,very negative,4651,1
United States,4/20/2020,very positive,970,5
United States,4/21/2020,negative,81520,2
United States,4/21/2020,neutral,27367,3
United States,4/21/2020,positive,46087,4
United States,4/21/2020,very negative,5559,1
United States,4/21/2020,very positive,1294,5
United States,4/22/2020,negative,82689,2
United States,4/22/2020,neutral,27325,3
United States,4/22/2020,positive,46617,4
United States,4/22/2020,very negative,5265,1
United States,4/22/2020,very positive,1336,5
United States,4/23/2020,negative,84420,2
United States,4/23/2020,neutral,28319,3
United States,4/23/2020,positive,49298,4
United States,4/23/2020,very negative,5243,1
United States,4/23/2020,very positive,1613,5
United States,4/24/2020,negative,88439,2
United States,4/24/2020,neutral,30366,3
United States,4/24/2020,positive,50750,4
United States,4/24/2020,very negative,5716,1
United States,4/24/2020,very positive,1753,5
United States,4/25/2020,negative,71335,2
United States,4/25/2020,neutral,24178,3
United States,4/25/2020,positive,40696,4
United States,4/25/2020,very negative,4511,1
United States,4/25/2020,very positive,1496,5
United States,4/26/2020,negative,56976,2
United States,4/26/2020,neutral,17702,3
United States,4/26/2020,positive,26472,4
United States,4/26/2020,very negative,4089,1
United States,4/26/2020,very positive,965,5
United States,4/27/2020,negative,60779,2
United States,4/27/2020,neutral,20356,3
United States,4/27/2020,positive,32104,4
United States,4/27/2020,very negative,4373,1
United States,4/27/2020,very positive,944,5
United States,4/28/2020,negative,80864,2
United States,4/28/2020,neutral,26425,3
United States,4/28/2020,positive,44631,4
United States,4/28/2020,very negative,5343,1
United States,4/28/2020,very positive,1282,5
United States,4/29/2020,negative,79585,2
United States,4/29/2020,neutral,25755,3
United States,4/29/2020,positive,44385,4
United States,4/29/2020,very negative,5216,1
United States,4/29/2020,very positive,1351,5
United States,4/30/2020,negative,77427,2
United States,4/30/2020,neutral,25282,3
United States,4/30/2020,positive,45945,4
United States,4/30/2020,very negative,5532,1
United States,4/30/2020,very positive,1437,5
United States,5/1/2020,negative,77907,2
United States,5/1/2020,neutral,25587,3
United States,5/1/2020,positive,45990,4
United States,5/1/2020,very negative,5383,1
United States,5/1/2020,very positive,1644,5
United States,5/2/2020,negative,67545,2
United States,5/2/2020,neutral,21647,3
United States,5/2/2020,positive,38319,4
United States,5/2/2020,very negative,4812,1
United States,5/2/2020,very positive,1483,5
United States,5/3/2020,negative,55409,2
United States,5/3/2020,neutral,15490,3
United States,5/3/2020,positive,24958,4
United States,5/3/2020,very negative,4196,1
United States,5/3/2020,very positive,847,5
United States,5/4/2020,negative,60232,2
United States,5/4/2020,neutral,18167,3
United States,5/4/2020,positive,28796,4
United States,5/4/2020,very negative,4546,1
United States,5/4/2020,very positive,919,5
United States,5/5/2020,negative,74700,2
United States,5/5/2020,neutral,23797,3
United States,5/5/2020,positive,43493,4
United States,5/5/2020,very negative,5122,1
United States,5/5/2020,very positive,1587,5
United States,5/6/2020,negative,77654,2
United States,5/6/2020,neutral,24224,3
United States,5/6/2020,positive,44876,4
United States,5/6/2020,very negative,5321,1
United States,5/6/2020,very positive,1829,5
United States,5/7/2020,negative,77596,2
United States,5/7/2020,neutral,24165,3
United States,5/7/2020,positive,41338,4
United States,5/7/2020,very negative,5305,1
United States,5/7/2020,very positive,1728,5
United States,5/8/2020,negative,69550,2
United States,5/8/2020,neutral,23099,3
United States,5/8/2020,positive,39888,4
United States,5/8/2020,very negative,4513,1
United States,5/8/2020,very positive,1433,5
United States,5/9/2020,negative,65576,2
United States,5/9/2020,neutral,21199,3
United States,5/9/2020,positive,35098,4
United States,5/9/2020,very negative,4645,1
United States,5/9/2020,very positive,1234,5
United States,5/10/2020,negative,52646,2
United States,5/10/2020,neutral,14832,3
United States,5/10/2020,positive,21965,4
United States,5/10/2020,very negative,3974,1
United States,5/10/2020,very positive,926,5
United States,5/11/2020,negative,56224,2
United States,5/11/2020,neutral,15995,3
United States,5/11/2020,positive,25282,4
United States,5/11/2020,very negative,4232,1
United States,5/11/2020,very positive,874,5
United States,5/12/2020,negative,73878,2
United States,5/12/2020,neutral,23159,3
United States,5/12/2020,positive,38140,4
United States,5/12/2020,very negative,5025,1
United States,5/12/2020,very positive,1075,5
United States,5/13/2020,negative,74580,2
United States,5/13/2020,neutral,23353,3
United States,5/13/2020,positive,40097,4
United States,5/13/2020,very negative,5142,1
United States,5/13/2020,very positive,1211,5
United States,5/14/2020,negative,73967,2
United States,5/14/2020,neutral,23250,3
United States,5/14/2020,positive,40518,4
United States,5/14/2020,very negative,4650,1
United States,5/14/2020,very positive,1134,5
United States,5/15/2020,negative,65416,2
United States,5/15/2020,neutral,20478,3
United States,5/15/2020,positive,35600,4
United States,5/15/2020,very negative,4402,1
United States,5/15/2020,very positive,1019,5
United States,5/16/2020,negative,47833,2
United States,5/16/2020,neutral,15298,3
United States,5/16/2020,positive,25913,4
United States,5/16/2020,very negative,3223,1
United States,5/16/2020,very positive,824,5
United States,5/17/2020,negative,46828,2
United States,5/17/2020,neutral,14582,3
United States,5/17/2020,positive,22179,4
United States,5/17/2020,very negative,3121,1
United States,5/17/2020,very positive,682,5
United States,5/18/2020,negative,54209,2
United States,5/18/2020,neutral,16798,3
United States,5/18/2020,positive,27180,4
United States,5/18/2020,very negative,3766,1
United States,5/18/2020,very positive,794,5
United States,5/19/2020,negative,70924,2
United States,5/19/2020,neutral,23229,3
United States,5/19/2020,positive,38144,4
United States,5/19/2020,very negative,4459,1
United States,5/19/2020,very positive,1069,5
United States,5/20/2020,negative,71155,2
United States,5/20/2020,neutral,22383,3
United States,5/20/2020,positive,38797,4
United States,5/20/2020,very negative,4381,1
United States,5/20/2020,very positive,1185,5
United States,5/21/2020,negative,71576,2
United States,5/21/2020,neutral,22865,3
United States,5/21/2020,positive,39791,4
United States,5/21/2020,very negative,4614,1
United States,5/21/2020,very positive,1240,5
United States,5/22/2020,negative,66079,2
United States,5/22/2020,neutral,21443,3
United States,5/22/2020,positive,37224,4
United States,5/22/2020,very negative,4359,1
United States,5/22/2020,very positive,1247,5
United States,5/23/2020,negative,53869,2
United States,5/23/2020,neutral,17289,3
United States,5/23/2020,positive,29425,4
United States,5/23/2020,very negative,3798,1
United States,5/23/2020,very positive,917,5
United States,5/24/2020,negative,47602,2
United States,5/24/2020,neutral,13374,3
United States,5/24/2020,positive,19963,4
United States,5/24/2020,very negative,3424,1
United States,5/24/2020,very positive,576,5
United States,5/25/2020,negative,50814,2
United States,5/25/2020,neutral,14027,3
United States,5/25/2020,positive,21206,4
United States,5/25/2020,very negative,4174,1
United States,5/25/2020,very positive,709,5
United States,5/26/2020,negative,53693,2
United States,5/26/2020,neutral,15593,3
United States,5/26/2020,positive,25332,4
United States,5/26/2020,very negative,3971,1
United States,5/26/2020,very positive,715,5
United States,5/27/2020,negative,61742,2
United States,5/27/2020,neutral,19877,3
United States,5/27/2020,positive,33322,4
United States,5/27/2020,very negative,4220,1
United States,5/27/2020,very positive,940,5
United States,5/28/2020,negative,63048,2
United States,5/28/2020,neutral,18897,3
United States,5/28/2020,positive,32056,4
United States,5/28/2020,very negative,4599,1
United States,5/28/2020,very positive,992,5
United States,5/29/2020,negative,60240,2
United States,5/29/2020,neutral,19090,3
United States,5/29/2020,positive,32034,4
United States,5/29/2020,very negative,4189,1
United States,5/29/2020,very positive,870,5
United States,5/30/2020,negative,53151,2
United States,5/30/2020,neutral,15220,3
United States,5/30/2020,positive,25401,4
United States,5/30/2020,very negative,4695,1
United States,5/30/2020,very positive,726,5
United States,5/31/2020,negative,47884,2
United States,5/31/2020,neutral,10814,3
United States,5/31/2020,positive,14868,4
United States,5/31/2020,very negative,5115,1
United States,5/31/2020,very positive,410,5
United States,6/1/2020,negative,48599,2
United States,6/1/2020,neutral,11655,3
United States,6/1/2020,positive,17171,4
United States,6/1/2020,very negative,4709,1
United States,6/1/2020,very positive,401,5
United States,6/2/2020,negative,53554,2
United States,6/2/2020,neutral,13840,3
United States,6/2/2020,positive,21667,4
United States,6/2/2020,very negative,4825,1
United States,6/2/2020,very positive,515,5
United States,6/3/2020,negative,50724,2
United States,6/3/2020,neutral,13723,3
United States,6/3/2020,positive,21179,4
United States,6/3/2020,very negative,4514,1
United States,6/3/2020,very positive,448,5
United States,6/4/2020,negative,54503,2
United States,6/4/2020,neutral,15010,3
United States,6/4/2020,positive,24223,4
United States,6/4/2020,very negative,4399,1
United States,6/4/2020,very positive,573,5
United States,6/5/2020,negative,51947,2
United States,6/5/2020,neutral,15034,3
United States,6/5/2020,positive,23552,4
United States,6/5/2020,very negative,4051,1
United States,6/5/2020,very positive,599,5
United States,6/6/2020,negative,41797,2
United States,6/6/2020,neutral,11767,3
United States,6/6/2020,positive,18328,4
United States,6/6/2020,very negative,3104,1
United States,6/6/2020,very positive,559,5
United States,6/7/2020,negative,38267,2
United States,6/7/2020,neutral,10256,3
United States,6/7/2020,positive,14408,4
United States,6/7/2020,very negative,3213,1
United States,6/7/2020,very positive,427,5
United States,6/8/2020,negative,24985,2
United States,6/8/2020,neutral,6674,3
United States,6/8/2020,positive,10249,4
United States,6/8/2020,very negative,1980,1
United States,6/8/2020,very positive,291,5
United States,6/9/2020,negative,38278,2
United States,6/9/2020,neutral,12281,3
United States,6/9/2020,positive,19743,4
United States,6/9/2020,very negative,2599,1
United States,6/9/2020,very positive,504,5
United States,6/10/2020,negative,47365,2
United States,6/10/2020,neutral,15302,3
United States,6/10/2020,positive,25129,4
United States,6/10/2020,very negative,3276,1
United States,6/10/2020,very positive,650,5
United States,6/11/2020,negative,48211,2
United States,6/11/2020,neutral,15974,3
United States,6/11/2020,positive,25936,4
United States,6/11/2020,very negative,3328,1
United States,6/11/2020,very positive,727,5
United States,6/12/2020,negative,51446,2
United States,6/12/2020,neutral,16155,3
United States,6/12/2020,positive,26782,4
United States,6/12/2020,very negative,3542,1
United States,6/12/2020,very positive,715,5
United States,6/13/2020,negative,44231,2
United States,6/13/2020,neutral,13595,3
United States,6/13/2020,positive,21757,4
United States,6/13/2020,very negative,3168,1
United States,6/13/2020,very positive,606,5
United States,6/14/2020,negative,33231,2
United States,6/14/2020,neutral,9247,3
United States,6/14/2020,positive,14041,4
United States,6/14/2020,very negative,2580,1
United States,6/14/2020,very positive,410,5
United States,6/15/2020,negative,41145,2
United States,6/15/2020,neutral,11884,3
United States,6/15/2020,positive,18433,4
United States,6/15/2020,very negative,3308,1
United States,6/15/2020,very positive,472,5
United States,6/16/2020,negative,60453,2
United States,6/16/2020,neutral,18403,3
United States,6/16/2020,positive,28293,4
United States,6/16/2020,very negative,4161,1
United States,6/16/2020,very positive,661,5
United States,6/17/2020,negative,58468,2
United States,6/17/2020,neutral,18034,3
United States,6/17/2020,positive,29386,4
United States,6/17/2020,very negative,4311,1
United States,6/17/2020,very positive,744,5
United States,6/18/2020,negative,56220,2
United States,6/18/2020,neutral,17546,3
United States,6/18/2020,positive,28331,4
United States,6/18/2020,very negative,4021,1
United States,6/18/2020,very positive,734,5
United States,6/19/2020,negative,55400,2
United States,6/19/2020,neutral,17545,3
United States,6/19/2020,positive,28315,4
United States,6/19/2020,very negative,3977,1
United States,6/19/2020,very positive,783,5
United States,6/20/2020,negative,55106,2
United States,6/20/2020,neutral,16449,3
United States,6/20/2020,positive,24585,4
United States,6/20/2020,very negative,4324,1
United States,6/20/2020,very positive,694,5
United States,6/21/2020,negative,57566,2
United States,6/21/2020,neutral,15893,3
United States,6/21/2020,positive,22723,4
United States,6/21/2020,very negative,4497,1
United States,6/21/2020,very positive,571,5
United States,6/22/2020,negative,43619,2
United States,6/22/2020,neutral,12305,3
United States,6/22/2020,positive,18750,4
United States,6/22/2020,very negative,3238,1
United States,6/22/2020,very positive,487,5
United States,6/23/2020,negative,64767,2
United States,6/23/2020,neutral,19238,3
United States,6/23/2020,positive,30125,4
United States,6/23/2020,very negative,4780,1
United States,6/23/2020,very positive,647,5
United States,6/24/2020,negative,68591,2
United States,6/24/2020,neutral,20764,3
United States,6/24/2020,positive,31456,4
United States,6/24/2020,very negative,5363,1
United States,6/24/2020,very positive,869,5
United States,6/25/2020,negative,75474,2
United States,6/25/2020,neutral,21992,3
United States,6/25/2020,positive,33488,4
United States,6/25/2020,very negative,6113,1
United States,6/25/2020,very positive,787,5
United States,6/26/2020,negative,80303,2
United States,6/26/2020,neutral,22254,3
United States,6/26/2020,positive,32358,4
United States,6/26/2020,very negative,6385,1
United States,6/26/2020,very positive,814,5
United States,6/27/2020,negative,78962,2
United States,6/27/2020,neutral,20679,3
United States,6/27/2020,positive,29617,4
United States,6/27/2020,very negative,6593,1
United States,6/27/2020,very positive,723,5
United States,6/28/2020,negative,57060,2
United States,6/28/2020,neutral,14198,3
United States,6/28/2020,positive,19620,4
United States,6/28/2020,very negative,4634,1
United States,6/28/2020,very positive,606,5
United States,6/29/2020,negative,58905,2
United States,6/29/2020,neutral,16267,3
United States,6/29/2020,positive,22879,4
United States,6/29/2020,very negative,4764,1
United States,6/29/2020,very positive,681,5
United States,6/30/2020,negative,70112,2
United States,6/30/2020,neutral,20892,3
United States,6/30/2020,positive,30581,4
United States,6/30/2020,very negative,5477,1
United States,6/30/2020,very positive,704,5
United States,7/1/2020,negative,74202,2
United States,7/1/2020,neutral,21320,3
United States,7/1/2020,positive,31784,4
United States,7/1/2020,very negative,5827,1
United States,7/1/2020,very positive,826,5
United States,7/2/2020,negative,76970,2
United States,7/2/2020,neutral,22376,3
United States,7/2/2020,positive,33746,4
United States,7/2/2020,very negative,6134,1
United States,7/2/2020,very positive,855,5
United States,7/3/2020,negative,77066,2
United States,7/3/2020,neutral,22838,3
United States,7/3/2020,positive,33509,4
United States,7/3/2020,very negative,6245,1
United States,7/3/2020,very positive,848,5
United States,7/4/2020,negative,59213,2
United States,7/4/2020,neutral,17555,3
United States,7/4/2020,positive,26634,4
United States,7/4/2020,very negative,4739,1
United States,7/4/2020,very positive,901,5
United States,7/5/2020,negative,47048,2
United States,7/5/2020,neutral,12823,3
United States,7/5/2020,positive,19158,4
United States,7/5/2020,very negative,4110,1
United States,7/5/2020,very positive,702,5
United States,7/6/2020,negative,63368,2
United States,7/6/2020,neutral,16853,3
United States,7/6/2020,positive,22162,4
United States,7/6/2020,very negative,5884,1
United States,7/6/2020,very positive,493,5
United States,7/7/2020,negative,83682,2
United States,7/7/2020,neutral,22466,3
United States,7/7/2020,positive,32869,4
United States,7/7/2020,very negative,7289,1
United States,7/7/2020,very positive,734,5
United States,7/8/2020,negative,83220,2
United States,7/8/2020,neutral,22900,3
United States,7/8/2020,positive,33217,4
United States,7/8/2020,very negative,6930,1
United States,7/8/2020,very positive,778,5
United States,7/9/2020,negative,84785,2
United States,7/9/2020,neutral,22241,3
United States,7/9/2020,positive,32695,4
United States,7/9/2020,very negative,7807,1
United States,7/9/2020,very positive,931,5
United States,7/10/2020,negative,79632,2
United States,7/10/2020,neutral,21122,3
United States,7/10/2020,positive,31924,4
United States,7/10/2020,very negative,7616,1
United States,7/10/2020,very positive,994,5
United States,7/11/2020,negative,73224,2
United States,7/11/2020,neutral,18112,3
United States,7/11/2020,positive,27357,4
United States,7/11/2020,very negative,6902,1
United States,7/11/2020,very positive,871,5
United States,7/12/2020,negative,62482,2
United States,7/12/2020,neutral,14827,3
United States,7/12/2020,positive,21242,4
United States,7/12/2020,very negative,6136,1
United States,7/12/2020,very positive,668,5
United States,7/13/2020,negative,75952,2
United States,7/13/2020,neutral,18496,3
United States,7/13/2020,positive,27725,4
United States,7/13/2020,very negative,7363,1
United States,7/13/2020,very positive,800,5
United States,7/14/2020,negative,97155,2
United States,7/14/2020,neutral,24128,3
United States,7/14/2020,positive,34758,4
United States,7/14/2020,very negative,9049,1
United States,7/14/2020,very positive,913,5
United States,7/15/2020,negative,91163,2
United States,7/15/2020,neutral,23723,3
United States,7/15/2020,positive,36085,4
United States,7/15/2020,very negative,8131,1
United States,7/15/2020,very positive,950,5
United States,7/16/2020,negative,89407,2
United States,7/16/2020,neutral,22671,3
United States,7/16/2020,positive,34784,4
United States,7/16/2020,very negative,8007,1
United States,7/16/2020,very positive,988,5
United States,7/17/2020,negative,91424,2
United States,7/17/2020,neutral,23739,3
United States,7/17/2020,positive,33202,4
United States,7/17/2020,very negative,8021,1
United States,7/17/2020,very positive,982,5
United States,7/18/2020,negative,72559,2
United States,7/18/2020,neutral,18001,3
United States,7/18/2020,positive,26600,4
United States,7/18/2020,very negative,6685,1
United States,7/18/2020,very positive,831,5
United States,7/19/2020,negative,56270,2
United States,7/19/2020,neutral,13259,3
United States,7/19/2020,positive,19741,4
United States,7/19/2020,very negative,5394,1
United States,7/19/2020,very positive,553,5
United States,7/20/2020,negative,61750,2
United States,7/20/2020,neutral,15543,3
United States,7/20/2020,positive,23928,4
United States,7/20/2020,very negative,5768,1
United States,7/20/2020,very positive,636,5
United States,7/21/2020,negative,72671,2
United States,7/21/2020,neutral,19472,3
United States,7/21/2020,positive,30410,4
United States,7/21/2020,very negative,6431,1
United States,7/21/2020,very positive,821,5
United States,7/22/2020,negative,70058,2
United States,7/22/2020,neutral,19218,3
United States,7/22/2020,positive,29572,4
United States,7/22/2020,very negative,5890,1
United States,7/22/2020,very positive,880,5
United States,7/23/2020,negative,69884,2
United States,7/23/2020,neutral,18897,3
United States,7/23/2020,positive,29807,4
United States,7/23/2020,very negative,5743,1
United States,7/23/2020,very positive,895,5
United States,7/24/2020,negative,70749,2
United States,7/24/2020,neutral,19108,3
United States,7/24/2020,positive,30160,4
United States,7/24/2020,very negative,6273,1
United States,7/24/2020,very positive,894,5
United States,7/25/2020,negative,58349,2
United States,7/25/2020,neutral,15454,3
United States,7/25/2020,positive,23608,4
United States,7/25/2020,very negative,5062,1
United States,7/25/2020,very positive,815,5
United States,7/26/2020,negative,45935,2
United States,7/26/2020,neutral,11100,3
United States,7/26/2020,positive,16360,4
United States,7/26/2020,very negative,4105,1
United States,7/26/2020,very positive,530,5
United States,7/27/2020,negative,54558,2
United States,7/27/2020,neutral,14140,3
United States,7/27/2020,positive,21744,4
United States,7/27/2020,very negative,5023,1
United States,7/27/2020,very positive,617,5
United States,7/28/2020,negative,85633,2
United States,7/28/2020,neutral,23537,3
United States,7/28/2020,positive,33274,4
United States,7/28/2020,very negative,6808,1
United States,7/28/2020,very positive,889,5
United States,7/29/2020,negative,80932,2
United States,7/29/2020,neutral,22755,3
United States,7/29/2020,positive,32195,4
United States,7/29/2020,very negative,6272,1
United States,7/29/2020,very positive,894,5
United States,7/30/2020,negative,89473,2
United States,7/30/2020,neutral,23445,3
United States,7/30/2020,positive,32651,4
United States,7/30/2020,very negative,7647,1
United States,7/30/2020,very positive,922,5
United States,7/31/2020,negative,89735,2
United States,7/31/2020,neutral,21623,3
United States,7/31/2020,positive,30811,4
United States,7/31/2020,very negative,8841,1
United States,7/31/2020,very positive,1079,5
United States,8/1/2020,negative,66946,2
United States,8/1/2020,neutral,16586,3
United States,8/1/2020,positive,24990,4
United States,8/1/2020,very negative,5930,1
United States,8/1/2020,very positive,903,5
United States,8/2/2020,negative,53959,2
United States,8/2/2020,neutral,13108,3
United States,8/2/2020,positive,17835,4
United States,8/2/2020,very negative,4818,1
United States,8/2/2020,very positive,622,5
United States,8/3/2020,negative,58568,2
United States,8/3/2020,neutral,14809,3
United States,8/3/2020,positive,21811,4
United States,8/3/2020,very negative,5367,1
United States,8/3/2020,very positive,730,5
United States,8/4/2020,negative,70054,2
United States,8/4/2020,neutral,18721,3
United States,8/4/2020,positive,27976,4
United States,8/4/2020,very negative,6104,1
United States,8/4/2020,very positive,838,5
United States,8/5/2020,negative,65295,2
United States,8/5/2020,neutral,17544,3
United States,8/5/2020,positive,26988,4
United States,8/5/2020,very negative,5648,1
United States,8/5/2020,very positive,806,5
United States,8/6/2020,negative,68894,2
United States,8/6/2020,neutral,18173,3
United States,8/6/2020,positive,27652,4
United States,8/6/2020,very negative,5745,1
United States,8/6/2020,very positive,842,5
United States,8/7/2020,negative,68466,2
United States,8/7/2020,neutral,18873,3
United States,8/7/2020,positive,29326,4
United States,8/7/2020,very negative,5591,1
United States,8/7/2020,very positive,939,5
United States,8/8/2020,negative,58384,2
United States,8/8/2020,neutral,15356,3
United States,8/8/2020,positive,23014,4
United States,8/8/2020,very negative,5054,1
United States,8/8/2020,very positive,750,5
United States,8/9/2020,negative,50378,2
United States,8/9/2020,neutral,12154,3
United States,8/9/2020,positive,17570,4
United States,8/9/2020,very negative,4159,1
United States,8/9/2020,very positive,590,5
United States,8/10/2020,negative,56501,2
United States,8/10/2020,neutral,14424,3
United States,8/10/2020,positive,21918,4
United States,8/10/2020,very negative,4837,1
United States,8/10/2020,very positive,666,5
United States,8/11/2020,negative,70441,2
United States,8/11/2020,neutral,18467,3
United States,8/11/2020,positive,28327,4
United States,8/11/2020,very negative,6128,1
United States,8/11/2020,very positive,808,5
United States,8/12/2020,negative,62997,2
United States,8/12/2020,neutral,17316,3
United States,8/12/2020,positive,26666,4
United States,8/12/2020,very negative,5172,1
United States,8/12/2020,very positive,849,5
United States,8/13/2020,negative,64428,2
United States,8/13/2020,neutral,17096,3
United States,8/13/2020,positive,26965,4
United States,8/13/2020,very negative,5206,1
United States,8/13/2020,very positive,880,5
United States,8/14/2020,negative,62556,2
United States,8/14/2020,neutral,16847,3
United States,8/14/2020,positive,26615,4
United States,8/14/2020,very negative,5452,1
United States,8/14/2020,very positive,876,5
United States,8/15/2020,negative,50269,2
United States,8/15/2020,neutral,13972,3
United States,8/15/2020,positive,22079,4
United States,8/15/2020,very negative,4246,1
United States,8/15/2020,very positive,732,5
United States,8/16/2020,negative,45484,2
United States,8/16/2020,neutral,11118,3
United States,8/16/2020,positive,15786,4
United States,8/16/2020,very negative,4276,1
United States,8/16/2020,very positive,547,5
United States,8/17/2020,negative,46833,2
United States,8/17/2020,neutral,12491,3
United States,8/17/2020,positive,18539,4
United States,8/17/2020,very negative,3998,1
United States,8/17/2020,very positive,600,5
United States,8/18/2020,negative,61116,2
United States,8/18/2020,neutral,17174,3
United States,8/18/2020,positive,26495,4
United States,8/18/2020,very negative,5042,1
United States,8/18/2020,very positive,865,5
United States,8/19/2020,negative,56661,2
United States,8/19/2020,neutral,15889,3
United States,8/19/2020,positive,25428,4
United States,8/19/2020,very negative,4694,1
United States,8/19/2020,very positive,823,5
United States,8/20/2020,negative,57086,2
United States,8/20/2020,neutral,16136,3
United States,8/20/2020,positive,25884,4
United States,8/20/2020,very negative,4787,1
United States,8/20/2020,very positive,886,5
United States,8/21/2020,negative,53234,2
United States,8/21/2020,neutral,15374,3
United States,8/21/2020,positive,24439,4
United States,8/21/2020,very negative,4411,1
United States,8/21/2020,very positive,864,5
United States,8/22/2020,negative,47320,2
United States,8/22/2020,neutral,12824,3
United States,8/22/2020,positive,19726,4
United States,8/22/2020,very negative,4493,1
United States,8/22/2020,very positive,717,5
United States,8/23/2020,negative,41798,2
United States,8/23/2020,neutral,10535,3
United States,8/23/2020,positive,14532,4
United States,8/23/2020,very negative,3708,1
United States,8/23/2020,very positive,464,5
United States,8/24/2020,negative,52034,2
United States,8/24/2020,neutral,13778,3
United States,8/24/2020,positive,19397,4
United States,8/24/2020,very negative,4476,1
United States,8/24/2020,very positive,610,5
United States,8/25/2020,negative,55085,2
United States,8/25/2020,neutral,16167,3
United States,8/25/2020,positive,24553,4
United States,8/25/2020,very negative,4895,1
United States,8/25/2020,very positive,806,5
United States,8/26/2020,negative,51503,2
United States,8/26/2020,neutral,14659,3
United States,8/26/2020,positive,23728,4
United States,8/26/2020,very negative,4817,1
United States,8/26/2020,very positive,764,5
United States,8/27/2020,negative,55058,2
United States,8/27/2020,neutral,14975,3
United States,8/27/2020,positive,22893,4
United States,8/27/2020,very negative,4782,1
United States,8/27/2020,very positive,745,5
United States,8/28/2020,negative,60708,2
United States,8/28/2020,neutral,16317,3
United States,8/28/2020,positive,25071,4
United States,8/28/2020,very negative,4910,1
United States,8/28/2020,very positive,801,5
United States,8/29/2020,negative,49149,2
United States,8/29/2020,neutral,13297,3
United States,8/29/2020,positive,20396,4
United States,8/29/2020,very negative,4654,1
United States,8/29/2020,very positive,695,5
United States,8/30/2020,negative,45429,2
United States,8/30/2020,neutral,9961,3
United States,8/30/2020,positive,13871,4
United States,8/30/2020,very negative,3990,1
United States,8/30/2020,very positive,539,5
United States,8/31/2020,negative,58190,2
United States,8/31/2020,neutral,11597,3
United States,8/31/2020,positive,16736,4
United States,8/31/2020,very negative,4908,1
United States,8/31/2020,very positive,561,5
United States,9/1/2020,negative,66560,2
United States,9/1/2020,neutral,15346,3
United States,9/1/2020,positive,23252,4
United States,9/1/2020,very negative,5439,1
United States,9/1/2020,very positive,739,5
United States,9/2/2020,negative,52469,2
United States,9/2/2020,neutral,13457,3
United States,9/2/2020,positive,19945,4
United States,9/2/2020,very negative,4283,1
United States,9/2/2020,very positive,718,5
United States,9/3/2020,negative,67818,2
United States,9/3/2020,neutral,17660,3
United States,9/3/2020,positive,26374,4
United States,9/3/2020,very negative,5548,1
United States,9/3/2020,very positive,772,5
United States,9/4/2020,negative,62929,2
United States,9/4/2020,neutral,16643,3
United States,9/4/2020,positive,26647,4
United States,9/4/2020,very negative,5524,1
United States,9/4/2020,very positive,865,5
United States,9/5/2020,negative,45087,2
United States,9/5/2020,neutral,12360,3
United States,9/5/2020,positive,19481,4
United States,9/5/2020,very negative,3635,1
United States,9/5/2020,very positive,723,5
United States,9/6/2020,negative,35028,2
United States,9/6/2020,neutral,8928,3
United States,9/6/2020,positive,13252,4
United States,9/6/2020,very negative,3095,1
United States,9/6/2020,very positive,505,5
United States,9/7/2020,negative,36973,2
United States,9/7/2020,neutral,8950,3
United States,9/7/2020,positive,13306,4
United States,9/7/2020,very negative,3130,1
United States,9/7/2020,very positive,573,5
United States,9/8/2020,negative,42392,2
United States,9/8/2020,neutral,11091,3
United States,9/8/2020,positive,17344,4
United States,9/8/2020,very negative,3426,1
United States,9/8/2020,very positive,669,5
United States,9/9/2020,negative,55990,2
United States,9/9/2020,neutral,15922,3
United States,9/9/2020,positive,23624,4
United States,9/9/2020,very negative,4495,1
United States,9/9/2020,very positive,714,5
United States,9/10/2020,negative,89008,2
United States,9/10/2020,neutral,20049,3
United States,9/10/2020,positive,25972,4
United States,9/10/2020,very negative,7301,1
United States,9/10/2020,very positive,671,5
United States,9/11/2020,negative,74445,2
United States,9/11/2020,neutral,17848,3
United States,9/11/2020,positive,25274,4
United States,9/11/2020,very negative,6328,1
United States,9/11/2020,very positive,760,5
United States,9/12/2020,negative,53468,2
United States,9/12/2020,neutral,13473,3
United States,9/12/2020,positive,20180,4
United States,9/12/2020,very negative,4535,1
United States,9/12/2020,very positive,561,5
United States,9/13/2020,negative,47016,2
United States,9/13/2020,neutral,11757,3
United States,9/13/2020,positive,16047,4
United States,9/13/2020,very negative,4032,1
United States,9/13/2020,very positive,509,5
United States,9/14/2020,negative,49769,2
United States,9/14/2020,neutral,12019,3
United States,9/14/2020,positive,17564,4
United States,9/14/2020,very negative,4445,1
United States,9/14/2020,very positive,583,5
United States,9/15/2020,negative,57263,2
United States,9/15/2020,neutral,15271,3
United States,9/15/2020,positive,23598,4
United States,9/15/2020,very negative,4435,1
United States,9/15/2020,very positive,811,5
United States,9/16/2020,negative,59545,2
United States,9/16/2020,neutral,17988,3
United States,9/16/2020,positive,26242,4
United States,9/16/2020,very negative,4528,1
United States,9/16/2020,very positive,728,5
United States,9/17/2020,negative,65082,2
United States,9/17/2020,neutral,18411,3
United States,9/17/2020,positive,26880,4
United States,9/17/2020,very negative,4912,1
United States,9/17/2020,very positive,745,5
United States,9/18/2020,negative,61030,2
United States,9/18/2020,neutral,17378,3
United States,9/18/2020,positive,25893,4
United States,9/18/2020,very negative,4636,1
United States,9/18/2020,very positive,705,5
United States,9/19/2020,negative,45728,2
United States,9/19/2020,neutral,12462,3
United States,9/19/2020,positive,18129,4
United States,9/19/2020,very negative,3646,1
United States,9/19/2020,very positive,634,5
United States,9/20/2020,negative,30089,2
United States,9/20/2020,neutral,7771,3
United States,9/20/2020,positive,11745,4
United States,9/20/2020,very negative,2683,1
United States,9/20/2020,very positive,389,5
United States,9/21/2020,negative,39173,2
United States,9/21/2020,neutral,10344,3
United States,9/21/2020,positive,15966,4
United States,9/21/2020,very negative,3261,1
United States,9/21/2020,very positive,542,5
United States,9/22/2020,negative,57687,2
United States,9/22/2020,neutral,15342,3
United States,9/22/2020,positive,22276,4
United States,9/22/2020,very negative,4730,1
United States,9/22/2020,very positive,602,5
United States,9/23/2020,negative,66310,2
United States,9/23/2020,neutral,17463,3
United States,9/23/2020,positive,25421,4
United States,9/23/2020,very negative,5221,1
United States,9/23/2020,very positive,755,5
United States,9/24/2020,negative,49445,2
United States,9/24/2020,neutral,14481,3
United States,9/24/2020,positive,22828,4
United States,9/24/2020,very negative,3770,1
United States,9/24/2020,very positive,670,5
United States,9/25/2020,negative,48519,2
United States,9/25/2020,neutral,14679,3
United States,9/25/2020,positive,23264,4
United States,9/25/2020,very negative,3662,1
United States,9/25/2020,very positive,672,5
United States,9/26/2020,negative,44260,2
United States,9/26/2020,neutral,12715,3
United States,9/26/2020,positive,19539,4
United States,9/26/2020,very negative,3500,1
United States,9/26/2020,very positive,666,5
United States,9/27/2020,negative,36752,2
United States,9/27/2020,neutral,9578,3
United States,9/27/2020,positive,13980,4
United States,9/27/2020,very negative,3064,1
United States,9/27/2020,very positive,434,5
United States,9/28/2020,negative,34629,2
United States,9/28/2020,neutral,9806,3
United States,9/28/2020,positive,14197,4
United States,9/28/2020,very negative,2773,1
United States,9/28/2020,very positive,371,5
United States,9/29/2020,negative,46095,2
United States,9/29/2020,neutral,14212,3
United States,9/29/2020,positive,21297,4
United States,9/29/2020,very negative,3438,1
United States,9/29/2020,very positive,610,5
United States,9/30/2020,negative,63885,2
United States,9/30/2020,neutral,17080,3
United States,9/30/2020,positive,25416,4
United States,9/30/2020,very negative,5296,1
United States,9/30/2020,very positive,639,5
United States,10/1/2020,negative,44434,2
United States,10/1/2020,neutral,13692,3
United States,10/1/2020,positive,22163,4
United States,10/1/2020,very negative,3372,1
United States,10/1/2020,very positive,697,5
United States,10/2/2020,negative,127968,2
United States,10/2/2020,neutral,40242,3
United States,10/2/2020,positive,60709,4
United States,10/2/2020,very negative,7654,1
United States,10/2/2020,very positive,1443,5
United States,10/3/2020,negative,126203,2
United States,10/3/2020,neutral,35710,3
United States,10/3/2020,positive,47739,4
United States,10/3/2020,very negative,8050,1
United States,10/3/2020,very positive,953,5
United States,10/4/2020,negative,113638,2
United States,10/4/2020,neutral,30791,3
United States,10/4/2020,positive,38485,4
United States,10/4/2020,very negative,7699,1
United States,10/4/2020,very positive,723,5
United States,10/5/2020,negative,124409,2
United States,10/5/2020,neutral,30814,3
United States,10/5/2020,positive,38225,4
United States,10/5/2020,very negative,10125,1
United States,10/5/2020,very positive,783,5
United States,10/6/2020,negative,178905,2
United States,10/6/2020,neutral,46222,3
United States,10/6/2020,positive,55443,4
United States,10/6/2020,very negative,14723,1
United States,10/6/2020,very positive,937,5
United States,10/7/2020,negative,129159,2
United States,10/7/2020,neutral,35627,3
United States,10/7/2020,positive,44411,4
United States,10/7/2020,very negative,9029,1
United States,10/7/2020,very positive,805,5
United States,10/8/2020,negative,127288,2
United States,10/8/2020,neutral,37708,3
United States,10/8/2020,positive,45706,4
United States,10/8/2020,very negative,7386,1
United States,10/8/2020,very positive,783,5
United States,10/9/2020,negative,82658,2
United States,10/9/2020,neutral,25530,3
United States,10/9/2020,positive,32811,4
United States,10/9/2020,very negative,4686,1
United States,10/9/2020,very positive,626,5
United States,10/10/2020,negative,72046,2
United States,10/10/2020,neutral,21409,3
United States,10/10/2020,positive,29642,4
United States,10/10/2020,very negative,4808,1
United States,10/10/2020,very positive,690,5
United States,10/11/2020,negative,54492,2
United States,10/11/2020,neutral,15683,3
United States,10/11/2020,positive,21701,4
United States,10/11/2020,very negative,3793,1
United States,10/11/2020,very positive,492,5
United States,10/12/2020,negative,55303,2
United States,10/12/2020,neutral,16120,3
United States,10/12/2020,positive,22496,4
United States,10/12/2020,very negative,3814,1
United States,10/12/2020,very positive,569,5
United States,10/13/2020,negative,69184,2
United States,10/13/2020,neutral,21069,3
United States,10/13/2020,positive,29963,4
United States,10/13/2020,very negative,4709,1
United States,10/13/2020,very positive,638,5
United States,10/14/2020,negative,58859,2
United States,10/14/2020,neutral,19178,3
United States,10/14/2020,positive,28705,4
United States,10/14/2020,very negative,4040,1
United States,10/14/2020,very positive,664,5
United States,10/15/2020,negative,62634,2
United States,10/15/2020,neutral,20438,3
United States,10/15/2020,positive,30790,4
United States,10/15/2020,very negative,4224,1
United States,10/15/2020,very positive,741,5
United States,10/16/2020,negative,52403,2
United States,10/16/2020,neutral,17385,3
United States,10/16/2020,positive,25362,4
United States,10/16/2020,very negative,3186,1
United States,10/16/2020,very positive,588,5
United States,10/17/2020,negative,47296,2
United States,10/17/2020,neutral,15352,3
United States,10/17/2020,positive,23027,4
United States,10/17/2020,very negative,3148,1
United States,10/17/2020,very positive,582,5
United States,10/18/2020,negative,41925,2
United States,10/18/2020,neutral,12972,3
United States,10/18/2020,positive,18037,4
United States,10/18/2020,very negative,2997,1
United States,10/18/2020,very positive,445,5
United States,10/19/2020,negative,43686,2
United States,10/19/2020,neutral,13238,3
United States,10/19/2020,positive,19164,4
United States,10/19/2020,very negative,3181,1
United States,10/19/2020,very positive,621,5
United States,10/20/2020,negative,56137,2
United States,10/20/2020,neutral,16779,3
United States,10/20/2020,positive,25238,4
United States,10/20/2020,very negative,4257,1
United States,10/20/2020,very positive,824,5
United States,10/21/2020,negative,56358,2
United States,10/21/2020,neutral,16446,3
United States,10/21/2020,positive,24657,4
United States,10/21/2020,very negative,3882,1
United States,10/21/2020,very positive,652,5
United States,10/22/2020,negative,55771,2
United States,10/22/2020,neutral,16982,3
United States,10/22/2020,positive,25278,4
United States,10/22/2020,very negative,3592,1
United States,10/22/2020,very positive,673,5
United States,10/23/2020,negative,64628,2
United States,10/23/2020,neutral,18580,3
United States,10/23/2020,positive,27336,4
United States,10/23/2020,very negative,4709,1
United States,10/23/2020,very positive,660,5
United States,10/24/2020,negative,52176,2
United States,10/24/2020,neutral,15096,3
United States,10/24/2020,positive,22213,4
United States,10/24/2020,very negative,3970,1
United States,10/24/2020,very positive,596,5
United States,10/25/2020,negative,52419,2
United States,10/25/2020,neutral,14163,3
United States,10/25/2020,positive,18208,4
United States,10/25/2020,very negative,4401,1
United States,10/25/2020,very positive,504,5
United States,10/26/2020,negative,58279,2
United States,10/26/2020,neutral,16199,3
United States,10/26/2020,positive,21490,4
United States,10/26/2020,very negative,4403,1
United States,10/26/2020,very positive,448,5
United States,10/27/2020,negative,66678,2
United States,10/27/2020,neutral,20428,3
United States,10/27/2020,positive,28090,4
United States,10/27/2020,very negative,4652,1
United States,10/27/2020,very positive,574,5
United States,10/28/2020,negative,76540,2
United States,10/28/2020,neutral,23126,3
United States,10/28/2020,positive,33879,4
United States,10/28/2020,very negative,6051,1
United States,10/28/2020,very positive,829,5
United States,10/29/2020,negative,66337,2
United States,10/29/2020,neutral,19700,3
United States,10/29/2020,positive,29214,4
United States,10/29/2020,very negative,5052,1
United States,10/29/2020,very positive,787,5
United States,10/30/2020,negative,67330,2
United States,10/30/2020,neutral,19468,3
United States,10/30/2020,positive,29347,4
United States,10/30/2020,very negative,5028,1
United States,10/30/2020,very positive,775,5
United States,10/31/2020,negative,67865,2
United States,10/31/2020,neutral,18234,3
United States,10/31/2020,positive,26866,4
United States,10/31/2020,very negative,5477,1
United States,10/31/2020,very positive,749,5
United States,11/1/2020,negative,55317,2
United States,11/1/2020,neutral,14867,3
United States,11/1/2020,positive,21104,4
United States,11/1/2020,very negative,4438,1
United States,11/1/2020,very positive,691,5
United States,11/2/2020,negative,52552,2
United States,11/2/2020,neutral,13808,3
United States,11/2/2020,positive,19012,4
United States,11/2/2020,very negative,4059,1
United States,11/2/2020,very positive,505,5
United States,11/3/2020,negative,57528,2
United States,11/3/2020,neutral,16548,3
United States,11/3/2020,positive,24132,4
United States,11/3/2020,very negative,4168,1
United States,11/3/2020,very positive,580,5
United States,11/4/2020,negative,47982,2
United States,11/4/2020,neutral,14200,3
United States,11/4/2020,positive,20065,4
United States,11/4/2020,very negative,4066,1
United States,11/4/2020,very positive,489,5
United States,11/5/2020,negative,53345,2
United States,11/5/2020,neutral,15953,3
United States,11/5/2020,positive,21891,4
United States,11/5/2020,very negative,3735,1
United States,11/5/2020,very positive,478,5
United States,11/6/2020,negative,61912,2
United States,11/6/2020,neutral,18427,3
United States,11/6/2020,positive,25259,4
United States,11/6/2020,very negative,4305,1
United States,11/6/2020,very positive,561,5
United States,11/7/2020,negative,64122,2
United States,11/7/2020,neutral,18529,3
United States,11/7/2020,positive,24325,4
United States,11/7/2020,very negative,4780,1
United States,11/7/2020,very positive,638,5
United States,11/8/2020,negative,69215,2
United States,11/8/2020,neutral,20718,3
United States,11/8/2020,positive,30241,4
United States,11/8/2020,very negative,4882,1
United States,11/8/2020,very positive,1166,5
United States,11/9/2020,negative,51431,2
United States,11/9/2020,neutral,16582,3
United States,11/9/2020,positive,27047,4
United States,11/9/2020,very negative,3531,1
United States,11/9/2020,very positive,879,5
United States,11/10/2020,negative,68748,2
United States,11/10/2020,neutral,22600,3
United States,11/10/2020,positive,36410,4
United States,11/10/2020,very negative,4816,1
United States,11/10/2020,very positive,1049,5
United States,11/11/2020,negative,59151,2
United States,11/11/2020,neutral,19056,3
United States,11/11/2020,positive,29357,4
United States,11/11/2020,very negative,4561,1
United States,11/11/2020,very positive,788,5
United States,11/12/2020,negative,72442,2
United States,11/12/2020,neutral,21953,3
United States,11/12/2020,positive,30750,4
United States,11/12/2020,very negative,6061,1
United States,11/12/2020,very positive,735,5
United States,11/13/2020,negative,88037,2
United States,11/13/2020,neutral,26563,3
United States,11/13/2020,positive,37367,4
United States,11/13/2020,very negative,7271,1
United States,11/13/2020,very positive,822,5
United States,11/14/2020,negative,78012,2
United States,11/14/2020,neutral,22438,3
United States,11/14/2020,positive,31036,4
United States,11/14/2020,very negative,6469,1
United States,11/14/2020,very positive,839,5
United States,11/15/2020,negative,60132,2
United States,11/15/2020,neutral,17171,3
United States,11/15/2020,positive,22971,4
United States,11/15/2020,very negative,5767,1
United States,11/15/2020,very positive,589,5
United States,11/16/2020,negative,67925,2
United States,11/16/2020,neutral,19209,3
United States,11/16/2020,positive,28336,4
United States,11/16/2020,very negative,6201,1
United States,11/16/2020,very positive,757,5
United States,11/17/2020,negative,82304,2
United States,11/17/2020,neutral,23491,3
United States,11/17/2020,positive,35541,4
United States,11/17/2020,very negative,7358,1
United States,11/17/2020,very positive,969,5
United States,11/18/2020,negative,82609,2
United States,11/18/2020,neutral,25490,3
United States,11/18/2020,positive,41596,4
United States,11/18/2020,very negative,7037,1
United States,11/18/2020,very positive,1383,5
United States,11/19/2020,negative,92225,2
United States,11/19/2020,neutral,25957,3
United States,11/19/2020,positive,39099,4
United States,11/19/2020,very negative,8174,1
United States,11/19/2020,very positive,1037,5
United States,11/20/2020,negative,83816,2
United States,11/20/2020,neutral,25467,3
United States,11/20/2020,positive,37298,4
United States,11/20/2020,very negative,6916,1
United States,11/20/2020,very positive,1084,5
United States,11/21/2020,negative,76079,2
United States,11/21/2020,neutral,23906,3
United States,11/21/2020,positive,37284,4
United States,11/21/2020,very negative,6040,1
United States,11/21/2020,very positive,1034,5
United States,11/22/2020,negative,59506,2
United States,11/22/2020,neutral,17614,3
United States,11/22/2020,positive,24983,4
United States,11/22/2020,very negative,5032,1
United States,11/22/2020,very positive,713,5
United States,11/23/2020,negative,57330,2
United States,11/23/2020,neutral,16890,3
United States,11/23/2020,positive,27096,4
United States,11/23/2020,very negative,5375,1
United States,11/23/2020,very positive,839,5
United States,11/24/2020,negative,64901,2
United States,11/24/2020,neutral,21547,3
United States,11/24/2020,positive,34378,4
United States,11/24/2020,very negative,5263,1
United States,11/24/2020,very positive,1017,5
United States,11/25/2020,negative,64386,2
United States,11/25/2020,neutral,20477,3
United States,11/25/2020,positive,32793,4
United States,11/25/2020,very negative,4923,1
United States,11/25/2020,very positive,1049,5
United States,11/26/2020,negative,63691,2
United States,11/26/2020,neutral,19690,3
United States,11/26/2020,positive,32133,4
United States,11/26/2020,very negative,5376,1
United States,11/26/2020,very positive,2001,5
United States,11/27/2020,negative,41012,2
United States,11/27/2020,neutral,12884,3
United States,11/27/2020,positive,22814,4
United States,11/27/2020,very negative,3382,1
United States,11/27/2020,very positive,2060,5
United States,11/28/2020,negative,43849,2
United States,11/28/2020,neutral,13519,3
United States,11/28/2020,positive,19583,4
United States,11/28/2020,very negative,3479,1
United States,11/28/2020,very positive,557,5
United States,11/29/2020,negative,44712,2
United States,11/29/2020,neutral,12940,3
United States,11/29/2020,positive,18670,4
United States,11/29/2020,very negative,3748,1
United States,11/29/2020,very positive,502,5
United States,11/30/2020,negative,47937,2
United States,11/30/2020,neutral,14376,3
United States,11/30/2020,positive,22018,4
United States,11/30/2020,very negative,4016,1
United States,11/30/2020,very positive,648,5
United States,12/1/2020,negative,55402,2
United States,12/1/2020,neutral,17641,3
United States,12/1/2020,positive,26548,4
United States,12/1/2020,very negative,4190,1
United States,12/1/2020,very positive,677,5
United States,12/2/2020,negative,57335,2
United States,12/2/2020,neutral,19222,3
United States,12/2/2020,positive,33121,4
United States,12/2/2020,very negative,4443,1
United States,12/2/2020,very positive,895,5
United States,12/3/2020,negative,63818,2
United States,12/3/2020,neutral,20878,3
United States,12/3/2020,positive,32958,4
United States,12/3/2020,very negative,4936,1
United States,12/3/2020,very positive,701,5
United States,12/4/2020,negative,70738,2
United States,12/4/2020,neutral,22826,3
United States,12/4/2020,positive,35126,4
United States,12/4/2020,very negative,5541,1
United States,12/4/2020,very positive,831,5
United States,12/5/2020,negative,66708,2
United States,12/5/2020,neutral,19699,3
United States,12/5/2020,positive,30807,4
United States,12/5/2020,very negative,5737,1
United States,12/5/2020,very positive,876,5
United States,12/6/2020,negative,53341,2
United States,12/6/2020,neutral,15186,3
United States,12/6/2020,positive,22145,4
United States,12/6/2020,very negative,4876,1
United States,12/6/2020,very positive,552,5
United States,12/7/2020,negative,65975,2
United States,12/7/2020,neutral,20179,3
United States,12/7/2020,positive,28327,4
United States,12/7/2020,very negative,5107,1
United States,12/7/2020,very positive,657,5
United States,12/8/2020,negative,76169,2
United States,12/8/2020,neutral,23407,3
United States,12/8/2020,positive,36267,4
United States,12/8/2020,very negative,6013,1
United States,12/8/2020,very positive,883,5
United States,12/9/2020,negative,80809,2
United States,12/9/2020,neutral,25575,3
United States,12/9/2020,positive,39023,4
United States,12/9/2020,very negative,6312,1
United States,12/9/2020,very positive,910,5
United States,12/10/2020,negative,69339,2
United States,12/10/2020,neutral,21789,3
United States,12/10/2020,positive,33981,4
United States,12/10/2020,very negative,5465,1
United States,12/10/2020,very positive,802,5
United States,12/11/2020,negative,71526,2
United States,12/11/2020,neutral,23064,3
United States,12/11/2020,positive,36642,4
United States,12/11/2020,very negative,5746,1
United States,12/11/2020,very positive,933,5
United States,12/12/2020,negative,61957,2
United States,12/12/2020,neutral,20330,3
United States,12/12/2020,positive,32305,4
United States,12/12/2020,very negative,4875,1
United States,12/12/2020,very positive,820,5
United States,12/13/2020,negative,49323,2
United States,12/13/2020,neutral,15665,3
United States,12/13/2020,positive,26331,4
United States,12/13/2020,very negative,4478,1
United States,12/13/2020,very positive,743,5
United States,12/14/2020,negative,49976,2
United States,12/14/2020,neutral,15584,3
United States,12/14/2020,positive,26455,4
United States,12/14/2020,very negative,4168,1
United States,12/14/2020,very positive,758,5
United States,12/15/2020,negative,60578,2
United States,12/15/2020,neutral,21084,3
United States,12/15/2020,positive,38309,4
United States,12/15/2020,very negative,4460,1
United States,12/15/2020,very positive,1233,5
United States,12/16/2020,negative,62467,2
United States,12/16/2020,neutral,20670,3
United States,12/16/2020,positive,36775,4
United States,12/16/2020,very negative,4903,1
United States,12/16/2020,very positive,1243,5
United States,12/17/2020,negative,68037,2
United States,12/17/2020,neutral,22686,3
United States,12/17/2020,positive,37287,4
United States,12/17/2020,very negative,5196,1
United States,12/17/2020,very positive,1184,5
United States,12/18/2020,negative,68741,2
United States,12/18/2020,neutral,21723,3
United States,12/18/2020,positive,37466,4
United States,12/18/2020,very negative,5559,1
United States,12/18/2020,very positive,1362,5
United States,12/19/2020,negative,64257,2
United States,12/19/2020,neutral,20279,3
United States,12/19/2020,positive,33699,4
United States,12/19/2020,very negative,5190,1
United States,12/19/2020,very positive,1174,5
United States,12/20/2020,negative,55640,2
United States,12/20/2020,neutral,15557,3
United States,12/20/2020,positive,23343,4
United States,12/20/2020,very negative,5306,1
United States,12/20/2020,very positive,940,5
United States,12/21/2020,negative,60313,2
United States,12/21/2020,neutral,18671,3
United States,12/21/2020,positive,29759,4
United States,12/21/2020,very negative,4716,1
United States,12/21/2020,very positive,786,5
United States,12/22/2020,negative,70637,2
United States,12/22/2020,neutral,23801,3
United States,12/22/2020,positive,41265,4
United States,12/22/2020,very negative,5610,1
United States,12/22/2020,very positive,1047,5
United States,12/23/2020,negative,72046,2
United States,12/23/2020,neutral,25355,3
United States,12/23/2020,positive,39903,4
United States,12/23/2020,very negative,4923,1
United States,12/23/2020,very positive,1207,5
United States,12/24/2020,negative,57702,2
United States,12/24/2020,neutral,19379,3
United States,12/24/2020,positive,32382,4
United States,12/24/2020,very negative,4382,1
United States,12/24/2020,very positive,1223,5
United States,12/25/2020,negative,40559,2
United States,12/25/2020,neutral,12445,3
United States,12/25/2020,positive,23014,4
United States,12/25/2020,very negative,3609,1
United States,12/25/2020,very positive,1394,5
United States,12/26/2020,negative,27462,2
United States,12/26/2020,neutral,8505,3
United States,12/26/2020,positive,15460,4
United States,12/26/2020,very negative,2471,1
United States,12/26/2020,very positive,962,5
United States,12/27/2020,negative,42042,2
United States,12/27/2020,neutral,11520,3
United States,12/27/2020,positive,17335,4
United States,12/27/2020,very negative,3958,1
United States,12/27/2020,very positive,635,5
United States,12/28/2020,negative,50608,2
United States,12/28/2020,neutral,15482,3
United States,12/28/2020,positive,24133,4
United States,12/28/2020,very negative,4598,1
United States,12/28/2020,very positive,625,5
United States,12/29/2020,negative,56060,2
United States,12/29/2020,neutral,18311,3
United States,12/29/2020,positive,29322,4
United States,12/29/2020,very negative,4197,1
United States,12/29/2020,very positive,776,5
United States,12/30/2020,negative,72698,2
United States,12/30/2020,neutral,22855,3
United States,12/30/2020,positive,34076,4
United States,12/30/2020,very negative,6051,1
United States,12/30/2020,very positive,800,5
United States,12/31/2020,negative,72390,2
United States,12/31/2020,neutral,23227,3
United States,12/31/2020,positive,34138,4
United States,12/31/2020,very negative,6184,1
United States,12/31/2020,very positive,979,5
United States,1/1/2021,negative,57647,2
United States,1/1/2021,neutral,18080,3
United States,1/1/2021,positive,31321,4
United States,1/1/2021,very negative,4787,1
United States,1/1/2021,very positive,2028,5
